  1 , 2001                            
  2 , ChristmasStory                  
  3 , Airplane                        
  4 , AmericanPie                     
  5 , Anchorman                       
  6 , AustinPowersIMM                 
  7 , BatmanBegins                    
  8 , Braveheart                      
  9 , Casablanca                      
 10 , CasinoRoyale                    
 11 , Commando                        
 12 , DrStrangelove                   
 13 , DumbandDumber                   
 14 , FightClub                       
 15 , ForrestGump                     
 16 , Ghostbusters                    
 17 , Gladiator                       
 18 , GroundhogDay                    
 19 , HP2                             
 20 , HP7-1                           
 21 , HP7-2                           
 22 , HP4                             
 23 , HP6                             
 24 , HP5                             
 25 , HP3                             
 26 , Inception                       
 27 , IndianaJonesLastCrusade         
 28 , IndianaJonesTempleofDoom        
 29 , LethalWeapon4                   
 30 , MASH                            
 31 , MontyPythonandtheHolyGrail      
 32 , MyFairLady                      
 33 , NapoleonDynamite                
 34 , PeeWeeBigAdventure              
 35 , PiratesAtWorldsEnd              
 36 , PiratesofCaribbeanDeadMansChest 
 37 , PiratesoftheCaribbeanBlackPearl 
 38 , Predator                        
 39 , PulpFiction                     
 40 , IndianaJonesRaidersoftheLostArk 
 41 , RoboCop                         
 42 , RushHour                        
 43 , Scarface                        
 44 , Skyfall                         
 45 , Spaceballs                      
 46 , StarTrekII                      
 47 , SW1                             
 48 , SW2                             
 49 , SW3                             
 50 , SW4                             
 51 , SW5                             
 52 , SW6                             
 53 , Superbad                        
 54 , 40YearOldVirgin                 
 55 , BreakfastClub                   
 56 , TheCampaign                     
 57 , TheDarkKnight                   
 58 , TheGodfather                    
 59 , LotRFellowshipoftheRing         
 60 , LotRReturnoftheKing             
 61 , LotRTwoTowers                   
 62 , Matrix                          
 63 , PrincessBride                   
 64 , SocialNetwork                   
 65 , Terminator                      
 66 , SpinalTap                       
 67 , Titanic                         
 68 , Tombstone                       
 69 , TommyBoy                        
 70 , TotalRecall                     
 71 , YoungFrankenstein               
 72 , Zombieland                      
 73 , 300                             
 74 , BacktotheFuture                 
 75 , BladeRunner                     
 76 , CharlieWilsonsWar               
 77 , Cube                            
 78 , DieHard                         
 79 , DirtyHarry                      
 80 , FMJ                             
 81 , GetSmart                        
 82 , Goodfellas                      
 83 , HitchhikersGuidetotheGalaxy     
 84 , IRobot                          
 85 , KindergartenCop                 
 86 , NationalTreasure                
 87 , Oceans11                        
 88 , Rocky                           
 89 , Serenity                        
 90 , SherlockHolmes                  
 91 , SpyKids                         
 92 , StarTrekVoyageHome              
 93 , FifthElement                    
 94 , WizardofOz                      
 95 , Zoolander                       
 96 , Aliens                          
 97 , Apollo13                        
 98 , Dodgeball                       
 99 , DrNo                            
100 , Fargo                           
101 , IAmLegend                       
102 , JackieBrown                     
103 , JurassicPark                    
104 , MatrixRevolutions               
105 , MeanGirls                       
106 , ReservoirDogs                   
107 , SavingPrivateRyan               
108 , CoolRunnings                    
109 , Jaws                            
110 , OfficeSpace                     
111 , PlanetoftheApes1968             
112 , ShaunoftheDead                  
113 , Terminator2                     
114 , GoodBadUgly                     
115 , KingsSpeech                     
116 , MatrixReloaded                  
117 , Sandlot                         
118 , shawshankredemption             
119 , SilenceoftheLambs               
120 , SixthSense                      
121 , americanpsycho                  
122 , apocalypsenow                   
123 , armyofdarkness                  
124 , beetlejuice                     
125 , caddyshack                      
126 , captainamerica                  
127 , castaway                        
128 , elf                             
129 , findingnemo                     
130 , gonewiththewind                 
131 , grantorino                      
132 , happygilmore                    
133 , scottpilgrim                    
134 , shrek                           
135 , shrek                           
136 , talladeganights                 
137 , terminator2                     
138 , godfather2                      
139 , hungergames                     
140 , therewillbeblood                
141 , biglebowski                     
142 , aceventura                      
143 , goldfinger                      
144 , hotrod                          
145 , hp1                             
146 , lethalweapon                    
147 , monstersinc                     
148 , rambo                           
149 , saw                             
150 , shining                         
151 , troll2                          
152 , watchmen                        
153 , waynesworld                     
154 , 500daysofsummer                 
155 , billandtedsexcellentadventure   
156 , blazingsaddlessubtimes          
157 , boondocksaints                  
158 , catchmeifyoucan                 
159 , conair                          
160 , fallingdown                     
161 , ferrisbuellersdayoff            
162 , fistfulofdollars                
163 , goodwillhunting                 
164 , historyoftheworld1              
165 , judgedredd                      
166 , lifeofbrian                     
167 , megamind                        
168 , obrotherwhereartthou            
169 , rambo                           
170 , rambo3                          
171 , rambo4                          
172 , avengers                        
173 , burbs                           
174 , narnia                          
175 , lastboyscout                    
176 , usualsuspects                   
177 , transformers                    
178 , uhf                             
179 , darkknightrises                 
180 , adaptation                      
181 , afewgoodmen                     
182 , airforceone                     
183 , animalhouse                     
184 , christmasvacation               
185 , chroniclesofriddick             
186 , citizenkane                     
187 , coolhandluke                    
188 , departed                        
189 , district9                       
190 , freaks                          
191 , goonies                         
192 , grandmasboy                     
193 , heathers                        
194 , idiocracy                       
195 , killbill1                       
196 , killbill2                       
197 , network                         
198 , planestrainsandautomobiles      
199 , scream                          
200 , snatch                          
201 , somelikeithot                   
202 , stepbrothers                    
203 , sugarlandexpress                
204 , taxidriver                      
205 , teamamericaworldpolice          
206 , topgun                          
207 , trueromance                     
208 , weddingcrashers                 
209 , whenharrymetsally               
